ingestBatchId,rowOrder,Page,No,Title,urlRaw,urlNormalized,UnitPrice,WorkStyle,Status,FeatureTags,SkillTags,CategoryText,Category,scrapedAtUtc
20251217T102830Z,1,1,1,wordpressレンダリングを妨げるリソースの除外,https://www.lancers.jp/work/detail/5016989,https://www.lancers.jp/work/detail/5016989,"200,000 円 ~ 300,000 円 / 固定",プロジェクト,募集中,,NEW,サーバー構築・管理・運用 / 流通・運輸・交通,/system/development,2025-12-17T10:28:30Z
20251217T102830Z,2,1,2,〖リモート可〗Delphiエンジニア募集,https://www.lancers.jp/work/detail/5341051,https://www.lancers.jp/work/detail/5341051,"300,000 円 ~ 500,000 円 / 固定",プロジェクト,募集中,,NEW | 2回目,Webシステム開発・プログラミング / IT・通信・インターネット,/system/development,2025-12-17T10:28:30Z
20251217T102830Z,3,1,3,【せどり×ツール製作】APIを使用したせどりツールを製作できるエンジニアさんを募集します♪,https://www.lancers.jp/work/detail/5217096,https://www.lancers.jp/work/detail/5217096,"20,000 円 ~ 50,000 円 / 固定",プロジェクト,募集中,,NEW,その他 (システム開発) / IT・通信・インターネット,/system/development,2025-12-17T10:28:30Z
20251217T102830Z,4,1,4,演劇レビュー・コミュニティサイトの開発,https://www.lancers.jp/work/detail/5452721,https://www.lancers.jp/work/detail/5452721,"500,000 円 ~ 1,000,000 円 / 固定",プロジェクト,募集中,,,Webシステム開発・プログラミング / マスコミ・メディア,/system/development,2025-12-17T10:28:30Z
20251217T102830Z,5,1,5,【急募】〈小学校PTA〉委員決めのアンケート集計作業,https://www.lancers.jp/work/detail/5440620,https://www.lancers.jp/work/detail/5440620,"20,000 円 ~ 50,000 円 / 固定",プロジェクト,募集中,,,Webシステム開発・プログラミング / 公益・非営利団体,/system/development,2025-12-17T10:28:30Z
20251217T102830Z,6,1,6,Webシステム開発,https://www.lancers.jp/work/detail/5451859,https://www.lancers.jp/work/detail/5451859,"200,000 円 ~ 300,000 円 / 固定",プロジェクト,募集中,,,Webシステム開発・プログラミング / IT・通信・インターネット,/system/development,2025-12-17T10:28:30Z
20251217T102830Z,7,1,7,就労継続支援事業所のポータルサイト制作,https://www.lancers.jp/work/detail/5451305,https://www.lancers.jp/work/detail/5451305,"200,000 円 ~ 300,000 円 / 固定",プロジェクト,募集中,,,Webシステム開発・プログラミング / IT・通信・インターネット,/system/development,2025-12-17T10:28:30Z
20251217T102830Z,8,1,8,【急募】MVNO会員向けマイページ新規開発エンジニア募集,https://www.lancers.jp/work/detail/5455513,https://www.lancers.jp/work/detail/5455513,"1,000,000 円 ~ 3,000,000 円 / 固定",プロジェクト,募集中,,NEW,ソフトウェア・業務システム開発 / IT・通信・インターネット,/system/development,2025-12-17T10:28:30Z
20251217T102830Z,9,1,9,海外仕入れ元サイト→ツールを動かす為のCSVファイルに週1で自動抽出の制作(自動/スクレイピング),https://www.lancers.jp/work/detail/5251319,https://www.lancers.jp/work/detail/5251319,"5,000 円 ~ 10,000 円 / 固定",プロジェクト,募集中,,NEW,Webシステム開発・プログラミング / 卸売・小売,/system/development,2025-12-17T10:28:30Z
20251217T102830Z,10,1,10,【急募】企業のセキュリティ対策を担うエンジニア募集,https://www.lancers.jp/work/detail/5450345,https://www.lancers.jp/work/detail/5450345,"500,000 円 ~ 1,000,000 円 / 固定",プロジェクト,募集中,,NEW,Webシステム開発・プログラミング / IT・通信・インターネット,/system/development,2025-12-17T10:28:30Z
20251217T102830Z,11,1,11,【急募】帳票デジタル化のフロントエンド開発者募集,https://www.lancers.jp/work/detail/5454857,https://www.lancers.jp/work/detail/5454857,"50,000 円 ~ 100,000 円 / 固定",プロジェクト,募集中,,NEW,Webシステム開発・プログラミング / エネルギー（電気・ガス・水道など）,/system/development,2025-12-17T10:28:30Z
20251217T102830Z,12,1,12,【SESエンジニア募集】多様なプロジェクトに参画可能！,https://www.lancers.jp/work/detail/5437544,https://www.lancers.jp/work/detail/5437544,"300,000 円 ~ 500,000 円 / 固定",プロジェクト,募集中,,NEW,その他 (システム開発) / IT・通信・インターネット,/system/development,2025-12-17T10:28:30Z
20251217T102830Z,13,1,13,[週2常駐] Laravel + Vue.js 基幹業務システム開発,https://www.lancers.jp/work/detail/5449536,https://www.lancers.jp/work/detail/5449536,"1,000,000 円 ~ 3,000,000 円 / 固定",プロジェクト,募集中,,,Webシステム開発・プログラミング / IT・通信・インターネット,/system/development,2025-12-17T10:28:30Z
20251217T102830Z,14,1,14,【急募】人材紹介企業向け履歴書・求人票管理のプロを探しています,https://www.lancers.jp/work/detail/5447081,https://www.lancers.jp/work/detail/5447081,"50,000 円 ~ 100,000 円 / 固定",プロジェクト,募集中,,,その他 (システム開発) / 人材紹介・人材派遣,/system/development,2025-12-17T10:28:30Z
20251217T102830Z,15,1,15,高度な商用SaaSの新規開発と保守業務,https://www.lancers.jp/work/detail/5455862,https://www.lancers.jp/work/detail/5455862,"500,000 円 ~ 1,000,000 円 / 固定",プロジェクト,募集中,,NEW | 初回,Webシステム開発・プログラミング / IT・通信・インターネット,/system/development,2025-12-17T10:28:30Z
20251217T102830Z,16,1,16,ホームページ診断チェックツール,https://www.lancers.jp/work/detail/5455029,https://www.lancers.jp/work/detail/5455029,"50,000 円 ~ 100,000 円 / 固定",プロジェクト,募集中,,NEW,Webシステム開発・プログラミング / IT・通信・インターネット,/system/development,2025-12-17T10:28:30Z
20251217T102830Z,17,1,17,【再掲】基幹システム入替に伴うBIツール環境の再構築（Microsoft Power BI）,https://www.lancers.jp/work/detail/5452367,https://www.lancers.jp/work/detail/5452367,"200,000 円 ~ 300,000 円 / 固定",プロジェクト,募集中,,2回目,その他 (システム開発) / 卸売・小売,/system/development,2025-12-17T10:28:30Z
20251217T102830Z,18,1,18,Kabuステーション自動売買アプリの開発,https://www.lancers.jp/work/detail/5455251,https://www.lancers.jp/work/detail/5455251,"50,000 円 ~ 100,000 円 / 固定",プロジェクト,募集中,,NEW,株・FX・仮想通貨ツール開発 / 金融・保険,/system/development,2025-12-17T10:28:30Z
20251217T102830Z,19,1,19,【フルリモート】官公庁向けPythonアプリ開発PM募集｜7名チーム統括,https://www.lancers.jp/work/detail/5454985,https://www.lancers.jp/work/detail/5454985,"500,000 円 ~ 1,000,000 円 / 固定",プロジェクト,募集中,,NEW,プロジェクトマネジメント / IT・通信・インターネット,/system/development,2025-12-17T10:28:30Z
20251217T102830Z,20,1,20,【急募】Accessシステム改修・CSV読込・MySQLクラウド化・PDFデータ調整,https://www.lancers.jp/work/detail/5455015,https://www.lancers.jp/work/detail/5455015,"50,000 円 ~ 100,000 円 / 固定",プロジェクト,募集中,,NEW,その他 (システム開発) / 広告・イベント・プロモーション,/system/development,2025-12-17T10:28:30Z
20251217T102830Z,21,1,21,ホットペッパービューティーブログ一括投稿システム開発,https://www.lancers.jp/work/detail/5455160,https://www.lancers.jp/work/detail/5455160,"20,000 円 ~ 50,000 円 / 固定",プロジェクト,募集中,,NEW,Webシステム開発・プログラミング / IT・通信・インターネット,/system/development,2025-12-17T10:28:30Z
20251217T102830Z,22,1,22,【急募】ネイティブjsのスペシャリスト募集！,https://www.lancers.jp/work/detail/5454495,https://www.lancers.jp/work/detail/5454495,"100,000 円 ~ 200,000 円 / 固定",プロジェクト,募集中,,NEW,Webシステム開発・プログラミング / IT・通信・インターネット,/system/development,2025-12-17T10:28:30Z
20251217T102830Z,23,1,23,【Java/Tomcat】スクラッチ構築の予約サイトにおける複数バグの修正依頼,https://www.lancers.jp/work/detail/5442482,https://www.lancers.jp/work/detail/5442482,"50,000 円 ~ 100,000 円 / 固定",プロジェクト,募集中,,,コード・バグ修正 / IT・通信・インターネット,/system/development,2025-12-17T10:28:30Z
20251217T102830Z,24,1,24,【急募】新規システム開発に伴う要件定義依頼,https://www.lancers.jp/work/detail/5455415,https://www.lancers.jp/work/detail/5455415,"20,000 円 ~ 50,000 円 / 固定",プロジェクト,募集中,,NEW | 2回目,Webシステム開発・プログラミング / IT・通信・インターネット,/system/development,2025-12-17T10:28:30Z
20251217T102830Z,25,1,25,【小規模・短納期・急募】アプリMatrixifyを用いたデータ移行検証・マッピング担当募集,https://www.lancers.jp/work/detail/5455675,https://www.lancers.jp/work/detail/5455675,"100,000 円 ~ 200,000 円 / 固定",プロジェクト,募集中,,NEW,データベース設計・構築 / IT・通信・インターネット,/system/development,2025-12-17T10:28:30Z
20251217T102830Z,26,1,26,AIオートメーションエンジニア,https://www.lancers.jp/work/detail/5453810,https://www.lancers.jp/work/detail/5453810,"20,000 円 ~ 50,000 円 / 固定",プロジェクト,募集中,,NEW,その他 (システム開発) / IT・通信・インターネット,/system/development,2025-12-17T10:28:30Z
20251217T102830Z,27,1,27,ヤフーオークションで複数の欲しい商品を一括検索するツールの作成,https://www.lancers.jp/work/detail/5455714,https://www.lancers.jp/work/detail/5455714,"20,000 円 ~ 50,000 円 / 固定",プロジェクト,募集中,,NEW,ソフトウェア・業務システム開発 / 卸売・小売,/system/development,2025-12-17T10:28:30Z
20251217T102830Z,28,1,28,Javaプログラミング研修の演習サポート講師業務【経験不問】（再掲）,https://www.lancers.jp/work/detail/5453723,https://www.lancers.jp/work/detail/5453723,"300,000 円 ~ 500,000 円 / 固定",プロジェクト,募集中,,NEW,Webシステム開発・プログラミング / IT・通信・インターネット,/system/development,2025-12-17T10:28:30Z
20251217T102830Z,29,1,29,クラウド(AWS/Azure) 運用管理 研修の演習サポート講師業務【経験不問】（再掲）,https://www.lancers.jp/work/detail/5453718,https://www.lancers.jp/work/detail/5453718,"200,000 円 ~ 300,000 円 / 固定",プロジェクト,募集中,,NEW,サーバー構築・管理・運用 / IT・通信・インターネット,/system/development,2025-12-17T10:28:30Z
20251217T102830Z,30,1,30,GoogleCloudを利用したアジャイル開発共通基盤のSREエンジニアの募集,https://www.lancers.jp/work/detail/5453768,https://www.lancers.jp/work/detail/5453768,"500,000 円 ~ 1,000,000 円 / 固定",プロジェクト,募集中,,NEW,サーバー構築・管理・運用 / IT・通信・インターネット,/system/development,2025-12-17T10:28:30Z
20251217T102830Z,31,2,1,【Goエンジニア】OSS活動支援の依頼,https://www.lancers.jp/work/detail/5453259,https://www.lancers.jp/work/detail/5453259,"20,000 円 ~ 50,000 円 / 固定",プロジェクト,募集中,,,ソフトウェア・業務システム開発 / IT・通信・インターネット,/system/development,2025-12-17T10:28:30Z
20251217T102830Z,32,2,2,【週5 / 都内（浜松町・田町）出社】kintone開発支援（要件定義～基本設計・実装）,https://www.lancers.jp/onsite/job/10204,https://www.lancers.jp/onsite/job/10204,¥ 50万 〜 60万,求人,募集中,,,IT・通信・インターネット,/system/development,2025-12-17T10:28:30Z
20251217T102830Z,33,2,3,【週5 / 都内（リモート一部可）】ガバメントクラウド移行プロジェクト,https://www.lancers.jp/onsite/job/10205,https://www.lancers.jp/onsite/job/10205,¥ 80万 〜,求人,募集中,,,官公庁・自治体,/system/development,2025-12-17T10:28:30Z
20251217T102830Z,34,2,4,【月100万以上お支払い可】有名人気SNSインフルエンサーとの企業タイアップ案件のディレクター募集,https://www.lancers.jp/onsite/job/10210,https://www.lancers.jp/onsite/job/10210,後で決める,求人,募集中,,,IT・通信・インターネット,/system/development,2025-12-17T10:28:30Z
20251217T102830Z,35,2,5,開発エンジニア（Power Platformで業務効率化）,https://staff.persol-xtech.co.jp/jobsearch/workDetail_index.html?job_offer_id=I-Z251154578-IT&utm_source=lancers&utm_medium=lancers&utm_campaign=lan04,https://staff.persol-xtech.co.jp/jobsearch/workDetail_index.html?job_offer_id=I-Z251154578-IT,"3,350 ~ 3,685 円 / 時",求人,募集中,,,,/system/development,2025-12-17T10:28:30Z
20251217T102830Z,36,2,6,研究・開発（組込み）（監視システムの設計）,https://staff.persol-xtech.co.jp/jobsearch/workDetail_index.html?job_offer_id=E-Z251053823-KD&utm_source=lancers&utm_medium=lancers&utm_campaign=lan04,https://staff.persol-xtech.co.jp/jobsearch/workDetail_index.html?job_offer_id=E-Z251053823-KD,"2,400 ~ 2,700 円 / 時",求人,募集中,,,,/system/development,2025-12-17T10:28:30Z
20251217T102830Z,37,2,7,設計（組込み）（アビオニクスエンジニア）,https://staff.persol-xtech.co.jp/jobsearch/workDetail_index.html?job_offer_id=E-E250747367-KD&utm_source=lancers&utm_medium=lancers&utm_campaign=lan04,https://staff.persol-xtech.co.jp/jobsearch/workDetail_index.html?job_offer_id=E-E250747367-KD,"3,300 円 / 時",求人,募集中,,,,/system/development,2025-12-17T10:28:30Z
20251217T102830Z,38,2,8,開発エンジニア（部品管理システム刷新に伴う調査）,https://staff.persol-xtech.co.jp/jobsearch/workDetail_index.html?job_offer_id=I-N251052389-IT&utm_source=lancers&utm_medium=lancers&utm_campaign=lan04,https://staff.persol-xtech.co.jp/jobsearch/workDetail_index.html?job_offer_id=I-N251052389-IT,"2,200 円 / 時",求人,募集中,,,,/system/development,2025-12-17T10:28:30Z
20251217T102830Z,39,2,9,自社インターネットメディアの制作・編集を行います,https://www.lancers.jp/onsite/job/1387,https://www.lancers.jp/onsite/job/1387,¥ 10万 〜 20万,求人,募集中,,,,/system/development,2025-12-17T10:28:30Z
20251217T102830Z,40,2,10,開発エンジニア（全社DX推進に伴うツール作成）,https://staff.persol-xtech.co.jp/jobsearch/workDetail_index.html?job_offer_id=I-Z251053483-IT&utm_source=lancers&utm_medium=lancers&utm_campaign=lan04,https://staff.persol-xtech.co.jp/jobsearch/workDetail_index.html?job_offer_id=I-Z251053483-IT,"4,000 ~ 5,000 円 / 時",求人,募集中,,,,/system/development,2025-12-17T10:28:30Z
20251217T102830Z,41,2,11,【つくば市内　大学IT業務案件】,https://www.lancers.jp/onsite/job/2122,https://www.lancers.jp/onsite/job/2122,¥ 30万 〜 40万,求人,募集中,,,,/system/development,2025-12-17T10:28:30Z
20251217T102830Z,42,2,12,【東京都・女子大学ヘルプデスク業務】,https://www.lancers.jp/onsite/job/2123,https://www.lancers.jp/onsite/job/2123,¥ 20万 〜 30万,求人,募集中,,,,/system/development,2025-12-17T10:28:30Z
20251217T102830Z,43,2,13,【埼玉県内・ヘルプデスク】大学の情報システム運用管理支援業務業,https://www.lancers.jp/onsite/job/2124,https://www.lancers.jp/onsite/job/2124,¥ 30万 〜 40万,求人,募集中,,,,/system/development,2025-12-17T10:28:30Z
20251217T102830Z,44,2,14,【神奈川県内ヘルプデスク】女子大学情報システムネットワーク運用保守管理,https://www.lancers.jp/onsite/job/2125,https://www.lancers.jp/onsite/job/2125,¥ 30万 〜 40万,求人,募集中,,,,/system/development,2025-12-17T10:28:30Z
20251217T102830Z,45,2,15,【東京都・ヘルプデスク】東京都内大学システム運用管理業務,https://www.lancers.jp/onsite/job/2126,https://www.lancers.jp/onsite/job/2126,¥ 20万 〜 30万,求人,募集中,,,,/system/development,2025-12-17T10:28:30Z
20251217T102830Z,46,2,16,【要員交代により募集】番組関連Webサイト等のディレクション及びWebデザイン制作業務,https://www.lancers.jp/onsite/job/2130,https://www.lancers.jp/onsite/job/2130,¥ 20万 〜 30万,求人,募集中,,,,/system/development,2025-12-17T10:28:30Z
20251217T102830Z,47,2,17,【週3日～5日池袋、新宿、錦糸町】保険会社のシステム開発,https://www.lancers.jp/onsite/job/2131,https://www.lancers.jp/onsite/job/2131,¥ 40万 〜 50万,求人,募集中,,,,/system/development,2025-12-17T10:28:30Z
20251217T102830Z,48,2,18,【週3日～5日池袋、新宿、錦糸町】製薬会社の内部システム保守/運用,https://www.lancers.jp/onsite/job/2132,https://www.lancers.jp/onsite/job/2132,¥ 30万 〜 40万,求人,募集中,,,,/system/development,2025-12-17T10:28:30Z
20251217T102830Z,49,2,19,開発エンジニア（新機能開発及びシステムの運用保守）,https://staff.persol-xtech.co.jp/jobsearch/workDetail_index.html?job_offer_id=I-Z250745560-IT&utm_source=lancers&utm_medium=lancers&utm_campaign=lan04,https://staff.persol-xtech.co.jp/jobsearch/workDetail_index.html?job_offer_id=I-Z250745560-IT,"4,500 ~ 5,400 円 / 時",求人,募集中,,,,/system/development,2025-12-17T10:28:30Z
20251217T102830Z,50,2,20,開発エンジニア（エネルギーマネジメントシステム開発）,https://staff.persol-xtech.co.jp/jobsearch/workDetail_index.html?job_offer_id=I-W251052842-IT&utm_source=lancers&utm_medium=lancers&utm_campaign=lan04,https://staff.persol-xtech.co.jp/jobsearch/workDetail_index.html?job_offer_id=I-W251052842-IT,"2,100 ~ 2,300 円 / 時",求人,募集中,,,,/system/development,2025-12-17T10:28:30Z
20251217T102830Z,51,2,21,開発エンジニア（大規模駐車場サービスのPoC開発）,https://staff.persol-xtech.co.jp/jobsearch/workDetail_index.html?job_offer_id=I-W251257078-IT&utm_source=lancers&utm_medium=lancers&utm_campaign=lan04,https://staff.persol-xtech.co.jp/jobsearch/workDetail_index.html?job_offer_id=I-W251257078-IT,"2,100 ~ 2,300 円 / 時",求人,募集中,,,,/system/development,2025-12-17T10:28:30Z
20251217T102830Z,52,2,22,研究・開発（組込み）（原子力施設のロボット制御システム開発）,https://staff.persol-xtech.co.jp/jobsearch/workDetail_index.html?job_offer_id=E-E250848198-KD&utm_source=lancers&utm_medium=lancers&utm_campaign=lan04,https://staff.persol-xtech.co.jp/jobsearch/workDetail_index.html?job_offer_id=E-E250848198-KD,"2,500 ~ 2,900 円 / 時",求人,募集中,,,,/system/development,2025-12-17T10:28:30Z
20251217T102830Z,53,2,23,【フルリモート可能/急募、PHP/Laravel/vue.js/webRTC経験者優遇@長期案件】,https://www.lancers.jp/onsite/job/6661,https://www.lancers.jp/onsite/job/6661,¥ 60万 〜 70万,求人,募集中,,,IT・通信・インターネット,/system/development,2025-12-17T10:28:30Z
20251217T102830Z,54,2,24,無料占いメディアのコンテンツディレクター募集【時給/長期/在宅】,https://www.lancers.jp/onsite/job/6680,https://www.lancers.jp/onsite/job/6680,¥ 10万 〜 20万,求人,募集中,,,マスコミ・メディア,/system/development,2025-12-17T10:28:30Z
20251217T102830Z,55,2,25,設計（組込み）（IoT機器・民生品の組込み設計）,https://staff.persol-xtech.co.jp/jobsearch/workDetail_index.html?job_offer_id=E-E251256955-KD&utm_source=lancers&utm_medium=lancers&utm_campaign=lan04,https://staff.persol-xtech.co.jp/jobsearch/workDetail_index.html?job_offer_id=E-E251256955-KD,"3,000 円 / 時",求人,募集中,,,,/system/development,2025-12-17T10:28:30Z
20251217T102830Z,56,2,26,【週5／テレワーク併用】SaaSプロダクト開発を手伝っていただけるエンジニア募集,https://www.lancers.jp/onsite/job/9971,https://www.lancers.jp/onsite/job/9971,後で決める,求人,募集中,,,IT・通信・インターネット,/system/development,2025-12-17T10:28:30Z
20251217T102830Z,57,2,27,【週5／テレワーク併用】大手ゲーム会社の中でシステム開発環境の構築・運用をしていただける方募集,https://www.lancers.jp/onsite/job/9973,https://www.lancers.jp/onsite/job/9973,後で決める,求人,募集中,,,ゲーム・アニメ・玩具,/system/development,2025-12-17T10:28:30Z
20251217T102830Z,58,2,28,【週5日/金沢駅近郊】WEB画面開発案件,https://www.lancers.jp/onsite/job/826,https://www.lancers.jp/onsite/job/826,¥ 40万 〜 50万,求人,募集中,,,,/system/development,2025-12-17T10:28:30Z
20251217T102830Z,59,2,29,IT基礎〜Javaサブ業務,https://www.lancers.jp/onsite/job/827,https://www.lancers.jp/onsite/job/827,¥ 30万 〜 40万,求人,募集中,,,,/system/development,2025-12-17T10:28:30Z
20251217T102830Z,60,3,1,マーケティングオートメーションのWEBシステム開発,https://www.lancers.jp/onsite/job/1014,https://www.lancers.jp/onsite/job/1014,¥ 50万 〜 60万,求人,募集中,,,,/system/development,2025-12-17T10:28:30Z
20251217T102830Z,61,3,2,【週5/新宿区内：Java及びPHP講師募集】,https://www.lancers.jp/onsite/job/1017,https://www.lancers.jp/onsite/job/1017,¥ 60万 〜 70万,求人,募集中,,,,/system/development,2025-12-17T10:28:30Z
20251217T102830Z,62,3,3,【週5/大門・浜松町】Androidアプリエンジニア急募,https://www.lancers.jp/onsite/job/1019,https://www.lancers.jp/onsite/job/1019,¥ 50万 〜 60万,求人,募集中,,,,/system/development,2025-12-17T10:28:30Z
20251217T102830Z,63,3,4,【週5日/金沢駅近郊】WEB画面開発案件,https://www.lancers.jp/onsite/job/826,https://www.lancers.jp/onsite/job/826,¥ 40万 〜 50万,求人,募集中,,,,/system/development,2025-12-17T10:28:30Z
20251217T102830Z,64,3,5,IT基礎〜Javaサブ業務,https://www.lancers.jp/onsite/job/827,https://www.lancers.jp/onsite/job/827,¥ 30万 〜 40万,求人,募集中,,,,/system/development,2025-12-17T10:28:30Z
20251217T102830Z,65,3,6,【週2−3/恵比寿】プロジェクト管理業務・上流工程（要求分析等）業務を担当頂きます,https://www.lancers.jp/onsite/job/829,https://www.lancers.jp/onsite/job/829,¥ 20万 〜 30万,求人,募集中,,,,/system/development,2025-12-17T10:28:30Z
20251217T102830Z,66,3,7,【渋谷】システム運用管理、ヘルプデスク業務,https://www.lancers.jp/onsite/job/830,https://www.lancers.jp/onsite/job/830,¥ 20万 〜 30万,求人,募集中,,,,/system/development,2025-12-17T10:28:30Z
20251217T102830Z,67,3,8,【持ち帰り可能案件】WEB ERP会計パッケージadd-on開発及び改修,https://www.lancers.jp/onsite/job/835,https://www.lancers.jp/onsite/job/835,¥ 40万 〜 50万,求人,募集中,,,,/system/development,2025-12-17T10:28:30Z
20251217T102830Z,68,3,9,週４〜中央区で受託のWEBサイト構築をお願いします,https://www.lancers.jp/onsite/job/941,https://www.lancers.jp/onsite/job/941,¥ 30万 〜 40万,求人,募集中,,,,/system/development,2025-12-17T10:28:30Z
20251217T102830Z,69,3,10,【完全在宅可・長期】 週5(平日)コーディング業務 【大分市】,https://www.lancers.jp/onsite/job/943,https://www.lancers.jp/onsite/job/943,¥ 20万 〜 30万,求人,募集中,,,,/system/development,2025-12-17T10:28:30Z
20251217T102830Z,70,3,11,【週4以上】中央区で週4以上、1日4時間以上勤務可能なエンジニア募集,https://www.lancers.jp/onsite/job/956,https://www.lancers.jp/onsite/job/956,¥ 10万 〜 20万,求人,募集中,,,,/system/development,2025-12-17T10:28:30Z
20251217T102830Z,71,3,12,開発エンジニア（部品管理システム刷新に伴う調査）,https://staff.persol-xtech.co.jp/jobsearch/workDetail_index.html?job_offer_id=I-N251052389-IT&utm_source=lancers&utm_medium=lancers&utm_campaign=lan04,https://staff.persol-xtech.co.jp/jobsearch/workDetail_index.html?job_offer_id=I-N251052389-IT,"2,200 円 / 時",求人,募集中,,,,/system/development,2025-12-17T10:28:30Z
20251217T102830Z,72,3,13,開発エンジニア（全社DX推進に伴うツール作成）,https://staff.persol-xtech.co.jp/jobsearch/workDetail_index.html?job_offer_id=I-Z251053483-IT&utm_source=lancers&utm_medium=lancers&utm_campaign=lan04,https://staff.persol-xtech.co.jp/jobsearch/workDetail_index.html?job_offer_id=I-Z251053483-IT,"4,000 ~ 5,000 円 / 時",求人,募集中,,,,/system/development,2025-12-17T10:28:30Z
20251217T102830Z,73,3,14,（東京都心エリア）ＩＴ・ＷＥＢの業界経験者・未経験者募集！！,https://www.lancers.jp/onsite/job/3163,https://www.lancers.jp/onsite/job/3163,¥ 40万 〜 50万,求人,募集中,,,,/system/development,2025-12-17T10:28:30Z
20251217T102830Z,74,3,15,グローバル開発を牽引するプロジェクトマネージャー,https://www.lancers.jp/onsite/job/1448,https://www.lancers.jp/onsite/job/1448,¥ 40万 〜 50万,求人,募集中,,,,/system/development,2025-12-17T10:28:30Z
20251217T102830Z,75,3,16,CRMリプレイスのSIエンジニア（PMサポート）,https://www.lancers.jp/onsite/job/1449,https://www.lancers.jp/onsite/job/1449,¥ 30万 〜 40万,求人,募集中,,,,/system/development,2025-12-17T10:28:30Z
20251217T102830Z,76,3,17,【PHP、jQuery、MySQL】WordPressのプラグイン開発者募集【在宅可、地域不問】,https://www.lancers.jp/onsite/job/1452,https://www.lancers.jp/onsite/job/1452,¥ 10万 〜 20万,求人,募集中,,,,/system/development,2025-12-17T10:28:30Z
20251217T102830Z,77,3,18,グローバルチーム開発のWebディレクション,https://www.lancers.jp/onsite/job/1453,https://www.lancers.jp/onsite/job/1453,¥ 40万 〜 50万,求人,募集中,,,,/system/development,2025-12-17T10:28:30Z
20251217T102830Z,78,3,19,【週3/長原】開発エンジニア募集(Angular、node.js),https://www.lancers.jp/onsite/job/1456,https://www.lancers.jp/onsite/job/1456,¥ 20万 〜 30万,求人,募集中,,,,/system/development,2025-12-17T10:28:30Z
20251217T102830Z,79,3,20,【週5勤務】Javaエンジニア(経験3年以上)/渋谷、新宿、六本木、池袋,https://www.lancers.jp/onsite/job/1457,https://www.lancers.jp/onsite/job/1457,¥ 50万 〜 60万,求人,募集中,,,,/system/development,2025-12-17T10:28:30Z
20251217T102830Z,80,3,21,【週5勤務】PHPエンジニア(経験3年以上)/渋谷、新宿、六本木、池袋,https://www.lancers.jp/onsite/job/1458,https://www.lancers.jp/onsite/job/1458,¥ 50万 〜 60万,求人,募集中,,,,/system/development,2025-12-17T10:28:30Z
20251217T102830Z,81,3,22,【週5勤務】.netエンジニア(経験3年以上)/渋谷、新宿、六本木、池袋,https://www.lancers.jp/onsite/job/1459,https://www.lancers.jp/onsite/job/1459,¥ 50万 〜 60万,求人,募集中,,,,/system/development,2025-12-17T10:28:30Z
20251217T102830Z,82,3,23,設計（組込み）（カーナビゲーションシステムの開発）,https://staff.persol-xtech.co.jp/jobsearch/workDetail_index.html?job_offer_id=N-N250951385-KD&utm_source=lancers&utm_medium=lancers&utm_campaign=lan04,https://staff.persol-xtech.co.jp/jobsearch/workDetail_index.html?job_offer_id=N-N250951385-KD,"2,500 円 / 時",求人,募集中,,,,/system/development,2025-12-17T10:28:30Z
20251217T102830Z,83,3,24,スマホゲームのAPI開発及び保守,https://www.lancers.jp/onsite/job/7342,https://www.lancers.jp/onsite/job/7342,¥ 20万 〜 30万,求人,募集中,,,ゲーム・アニメ・玩具,/system/development,2025-12-17T10:28:30Z
20251217T102830Z,84,3,25,【週5・高単価】開発経験3年以上iOSエンジニア/Androidエンジニア,https://www.lancers.jp/onsite/job/7354,https://www.lancers.jp/onsite/job/7354,¥ 40万 〜 50万,求人,募集中,,,IT・通信・インターネット,/system/development,2025-12-17T10:28:30Z
20251217T102830Z,85,3,26,【高単価・麻布十番駅】Android(Java/Kotlin)アプリの開発,https://www.lancers.jp/onsite/job/7357,https://www.lancers.jp/onsite/job/7357,¥ 50万 〜 60万,求人,募集中,,,IT・通信・インターネット,/system/development,2025-12-17T10:28:30Z
20251217T102830Z,86,3,27,開発経験3年以上iOSエンジニア/Androidエンジニア,https://www.lancers.jp/onsite/job/7360,https://www.lancers.jp/onsite/job/7360,¥ 50万 〜 60万,求人,募集中,,,IT・通信・インターネット,/system/development,2025-12-17T10:28:30Z
20251217T102830Z,87,3,28,【オフショア/リモートOK】iOSアプリ+ BaaS(Firebase+GCP)開発エンジニア,https://www.lancers.jp/onsite/job/7298,https://www.lancers.jp/onsite/job/7298,¥ 20万 〜 30万,求人,募集中,,,IT・通信・インターネット,/system/development,2025-12-17T10:28:30Z
20251217T102830Z,88,3,29,カタログ制作事務局ディレクター募集,https://www.lancers.jp/onsite/job/7300,https://www.lancers.jp/onsite/job/7300,¥ 20万 〜 30万,求人,募集中,,,広告・イベント・プロモーション,/system/development,2025-12-17T10:28:30Z
20251217T102830Z,89,4,1,【大至急】AWS：指定ARN Idの設定,https://www.lancers.jp/onsite/job/8500,https://www.lancers.jp/onsite/job/8500,後で決める,求人,募集中,,,IT・通信・インターネット,/system/development,2025-12-17T10:28:30Z
20251217T102830Z,90,4,2,React/Angularの経験3年以上！建築現場の施工管理アプリのFE,https://www.lancers.jp/onsite/job/8781,https://www.lancers.jp/onsite/job/8781,後で決める,求人,募集中,,,IT・通信・インターネット,/system/development,2025-12-17T10:28:30Z
20251217T102830Z,91,4,3,プロジェクトマネジメントの経験3年以上！建築現場の施工管理アプリのPM,https://www.lancers.jp/onsite/job/8782,https://www.lancers.jp/onsite/job/8782,後で決める,求人,募集中,,,IT・通信・インターネット,/system/development,2025-12-17T10:28:30Z
20251217T102830Z,92,4,4,【月1回～東京都港区・リモート可能】新しいサイトの作成,https://www.lancers.jp/onsite/job/8784,https://www.lancers.jp/onsite/job/8784,後で決める,求人,募集中,,,人材紹介・人材派遣,/system/development,2025-12-17T10:28:30Z
20251217T102830Z,93,4,5,【周5】テレワークでCocos2dエンジニア募集,https://www.lancers.jp/onsite/job/9736,https://www.lancers.jp/onsite/job/9736,後で決める,求人,募集中,,,IT・通信・インターネット,/system/development,2025-12-17T10:28:30Z
20251217T102830Z,94,4,6,【週３以上～/都内】某省庁POC開発案件フロント・バックエンド・インフラエンジニア,https://www.lancers.jp/onsite/job/9740,https://www.lancers.jp/onsite/job/9740,¥ 60万 〜 70万,求人,募集中,,,IT・通信・インターネット,/system/development,2025-12-17T10:28:30Z
20251217T102830Z,95,4,7,【完全フルリモート】PHP LaravelによるWebアプリケーション開発,https://www.lancers.jp/onsite/job/9677,https://www.lancers.jp/onsite/job/9677,後で決める,求人,募集中,,,IT・通信・インターネット,/system/development,2025-12-17T10:28:30Z
20251217T102830Z,96,4,8,【継続依頼・週2〜】Webサイト・ECサイトの制作・運営,https://www.lancers.jp/onsite/job/9678,https://www.lancers.jp/onsite/job/9678,¥ 10万 〜 20万,求人,募集中,,,IT・通信・インターネット,/system/development,2025-12-17T10:28:30Z
20251217T102830Z,97,4,9,【リモートワーク可】メイン事業のシステム改修を担当するPHPエンジニア募集,https://www.lancers.jp/onsite/job/10050,https://www.lancers.jp/onsite/job/10050,後で決める,求人,募集中,,,IT・通信・インターネット,/system/development,2025-12-17T10:28:30Z
20251217T102830Z,98,4,10,UI/UX改善・ブラウザ互換性修正・Java scriptエラー検出・修正,https://www.lancers.jp/onsite/job/10054,https://www.lancers.jp/onsite/job/10054,後で決める,求人,募集中,,,卸売・小売,/system/development,2025-12-17T10:28:30Z
20251217T102830Z,99,4,11,【在宅可】決済端末リプレイス案件,https://www.lancers.jp/onsite/job/9847,https://www.lancers.jp/onsite/job/9847,¥ 80万 〜,求人,募集中,,,IT・通信・インターネット,/system/development,2025-12-17T10:28:30Z
20251217T102830Z,100,4,12,【週80h〜リモート】学校DXシステム開発,https://www.lancers.jp/onsite/job/10386,https://www.lancers.jp/onsite/job/10386,¥ 10万 〜 20万,求人,募集中,,,大学・学校,/system/development,2025-12-17T10:28:30Z
20251217T102830Z,101,4,13,【週5フル常駐 / PowerApps/PowerAutomateアプリケーション保守案件】,https://www.lancers.jp/onsite/job/10446,https://www.lancers.jp/onsite/job/10446,¥ 60万 〜 70万,求人,募集中,,,IT・通信・インターネット,/system/development,2025-12-17T10:28:30Z
20251217T102830Z,102,4,14,【週5フルリモート検討可能 / 都内】SAP連結会計コンサルタント,https://www.lancers.jp/onsite/job/10447,https://www.lancers.jp/onsite/job/10447,¥ 80万 〜,求人,募集中,,,IT・通信・インターネット,/system/development,2025-12-17T10:28:30Z
20251217T102830Z,103,4,15,【週1～2件/大阪または関西県内】Webサイトのディレクション,https://www.lancers.jp/onsite/job/10454,https://www.lancers.jp/onsite/job/10454,¥ 10万 〜 20万,求人,募集中,,,IT・通信・インターネット,/system/development,2025-12-17T10:28:30Z
20251217T102830Z,104,4,16,【新宿出社】大手人材系企業／Webディレクター兼Webデザイナー支援業務／週4~5日／9~18時稼働,https://www.lancers.jp/onsite/job/10535,https://www.lancers.jp/onsite/job/10535,¥ 40万 〜 50万,求人,募集中,,,人材紹介・人材派遣,/system/development,2025-12-17T10:28:30Z
20251217T102830Z,105,4,17,【週5/御茶ノ水】新サイト開発・移行のお手伝いPHPエンジニア募集,https://www.lancers.jp/onsite/job/51,https://www.lancers.jp/onsite/job/51,¥ 60万 〜 70万,求人,募集中,,,,/system/development,2025-12-17T10:28:30Z
20251217T102830Z,106,4,18,【週5/御茶ノ水】新サイト開発・移行のお手伝いPHPエンジニア募集,https://www.lancers.jp/onsite/job/107,https://www.lancers.jp/onsite/job/107,¥ 60万 〜 70万,求人,募集中,,,,/system/development,2025-12-17T10:28:30Z
20251217T102830Z,107,4,19,【週2/池袋】自社サービスのシステム改修,https://www.lancers.jp/onsite/job/114,https://www.lancers.jp/onsite/job/114,¥ 10万 〜 20万,求人,募集中,,,,/system/development,2025-12-17T10:28:30Z
20251217T102830Z,108,4,20,首都圏での開発プロジェクトにご参画いただける方を募集,https://www.lancers.jp/onsite/job/120,https://www.lancers.jp/onsite/job/120,¥ 50万 〜 60万,求人,募集中,,,,/system/development,2025-12-17T10:28:30Z
20251217T102830Z,109,4,21,【週3~/C#　VR】　VRでe-Sportsを作るベンチャー企業で働きませんか。,https://www.lancers.jp/onsite/job/352,https://www.lancers.jp/onsite/job/352,¥ 50万 〜 60万,求人,募集中,,,,/system/development,2025-12-17T10:28:30Z
20251217T102830Z,110,4,22,【週3～/3か月/新宿】コーディング、レスポンシブサイト、JavaScript等の制作,https://www.lancers.jp/onsite/job/360,https://www.lancers.jp/onsite/job/360,¥ 40万 〜 50万,求人,募集中,,,,/system/development,2025-12-17T10:28:30Z
20251217T102830Z,111,4,23,【週2-3/恵比寿】システム刷新プロジェクトのマネジメント業務,https://www.lancers.jp/onsite/job/282,https://www.lancers.jp/onsite/job/282,¥ 20万 〜 30万,求人,募集中,,,,/system/development,2025-12-17T10:28:30Z
20251217T102830Z,112,4,24,【週５／大阪梅田勤務】Webエンジニア募集！,https://www.lancers.jp/onsite/job/297,https://www.lancers.jp/onsite/job/297,¥ 60万 〜 70万,求人,募集中,,,,/system/development,2025-12-17T10:28:30Z
20251217T102830Z,113,4,25,スマホゲームのAPI開発及び保守,https://www.lancers.jp/onsite/job/7342,https://www.lancers.jp/onsite/job/7342,¥ 20万 〜 30万,求人,募集中,,,ゲーム・アニメ・玩具,/system/development,2025-12-17T10:28:30Z
20251217T102830Z,114,4,26,【週5・高単価】開発経験3年以上iOSエンジニア/Androidエンジニア,https://www.lancers.jp/onsite/job/7354,https://www.lancers.jp/onsite/job/7354,¥ 40万 〜 50万,求人,募集中,,,IT・通信・インターネット,/system/development,2025-12-17T10:28:30Z
20251217T102830Z,115,4,27,【高単価・麻布十番駅】Android(Java/Kotlin)アプリの開発,https://www.lancers.jp/onsite/job/7357,https://www.lancers.jp/onsite/job/7357,¥ 50万 〜 60万,求人,募集中,,,IT・通信・インターネット,/system/development,2025-12-17T10:28:30Z
20251217T102830Z,116,4,28,開発経験3年以上iOSエンジニア/Androidエンジニア,https://www.lancers.jp/onsite/job/7360,https://www.lancers.jp/onsite/job/7360,¥ 50万 〜 60万,求人,募集中,,,IT・通信・インターネット,/system/development,2025-12-17T10:28:30Z
20251217T102830Z,117,4,29,WordPress+Welcart によるECサイト構築,https://www.lancers.jp/onsite/job/1506,https://www.lancers.jp/onsite/job/1506,¥ 〜 10万,求人,募集中,,,,/system/development,2025-12-17T10:28:30Z
20251217T102830Z,118,5,1,【週5 / 九段下・神保町】新規事業の開発を担当するRailsエンジニア募集【急募】,https://www.lancers.jp/onsite/job/464,https://www.lancers.jp/onsite/job/464,¥ 50万 〜 60万,求人,募集中,,,,/system/development,2025-12-17T10:28:30Z
20251217T102830Z,119,5,2,【横浜】弊社の提供するサービス開発・メンテナンスのためのPHPエンジニア募集します。,https://www.lancers.jp/onsite/job/465,https://www.lancers.jp/onsite/job/465,¥ 50万 〜 60万,求人,募集中,,,,/system/development,2025-12-17T10:28:30Z
20251217T102830Z,120,5,3,【隙間時間に】はんだ付け　1月22日～24日のうちのいずれか数時間でもOK,https://www.lancers.jp/onsite/job/468,https://www.lancers.jp/onsite/job/468,¥ 〜 10万,求人,募集中,,,,/system/development,2025-12-17T10:28:30Z
20251217T102830Z,121,5,4,週3~/1月・2月限定でコミット可能なPHPエンジニア募集！【東京都/恵比寿】,https://www.lancers.jp/onsite/job/476,https://www.lancers.jp/onsite/job/476,¥ 30万 〜 40万,求人,募集中,,,,/system/development,2025-12-17T10:28:30Z
20251217T102830Z,122,5,5,【週5/田町】C++でオンラインゲームのバックエンド・フロントエンド開発 業界未経験可,https://www.lancers.jp/onsite/job/480,https://www.lancers.jp/onsite/job/480,¥ 40万 〜 50万,求人,募集中,,,,/system/development,2025-12-17T10:28:30Z
20251217T102830Z,123,5,6,【女性限定、週5日/埼玉県北本市内：エクセルデータ入力編集作業、未経験相談可】,https://www.lancers.jp/onsite/job/1901,https://www.lancers.jp/onsite/job/1901,¥ 20万 〜 30万,求人,募集中,,,,/system/development,2025-12-17T10:28:30Z
20251217T102830Z,124,5,7,ITP2.0　アフィリエイトタグ埋め込み　クライアントサポート,https://www.lancers.jp/onsite/job/1905,https://www.lancers.jp/onsite/job/1905,¥ 10万 〜 20万,求人,募集中,,,,/system/development,2025-12-17T10:28:30Z
20251217T102830Z,125,5,8,【週5勤務：潮見近辺、AccessVBA設計開発案件】,https://www.lancers.jp/onsite/job/1916,https://www.lancers.jp/onsite/job/1916,¥ 40万 〜 50万,求人,募集中,,,,/system/development,2025-12-17T10:28:30Z
20251217T102830Z,126,5,9,【週5勤務：赤坂近辺、C++組込開発業務、外国籍可】,https://www.lancers.jp/onsite/job/1917,https://www.lancers.jp/onsite/job/1917,¥ 50万 〜 60万,求人,募集中,,,,/system/development,2025-12-17T10:28:30Z
20251217T102830Z,127,5,10,【週1日＠秋葉原】自社開発マッチングアプリのレイアウト調整（android/iOS）,https://www.lancers.jp/onsite/job/1918,https://www.lancers.jp/onsite/job/1918,¥ 〜 10万,求人,募集中,,,,/system/development,2025-12-17T10:28:30Z
20251217T102830Z,128,5,11,【週5勤務/全国各地での勤務】Javaアシスタント講師(未経験可能),https://www.lancers.jp/onsite/job/9063,https://www.lancers.jp/onsite/job/9063,¥ 20万 〜 30万,求人,募集中,,,IT・通信・インターネット,/system/development,2025-12-17T10:28:30Z
20251217T102830Z,129,5,12,Web Audio APIを使ったwebアプリの、音の再生不良の原因特定（と動作検証）のご依頼,https://www.lancers.jp/onsite/job/9070,https://www.lancers.jp/onsite/job/9070,後で決める,求人,募集中,,,IT・通信・インターネット,/system/development,2025-12-17T10:28:30Z
20251217T102830Z,130,5,13,リモート/Django自社開発SFAのバックエンドエンジニア募集！,https://www.lancers.jp/onsite/job/9072,https://www.lancers.jp/onsite/job/9072,後で決める,求人,募集中,,,IT・通信・インターネット,/system/development,2025-12-17T10:28:30Z
20251217T102830Z,131,5,14,React.jsを使った自社開発SFAのフロントエンドエンジニア募集！/フルリモート,https://www.lancers.jp/onsite/job/9076,https://www.lancers.jp/onsite/job/9076,後で決める,求人,募集中,,,IT・通信・インターネット,/system/development,2025-12-17T10:28:30Z
20251217T102830Z,132,5,15,【週3~5 / リモートワーク】（PG）当社直請のweb制作・webシステム開発（PHP）,https://www.lancers.jp/onsite/job/9080,https://www.lancers.jp/onsite/job/9080,後で決める,求人,募集中,,,IT・通信・インターネット,/system/development,2025-12-17T10:28:30Z
20251217T102830Z,133,5,16,【完全フルリモート】PHP LaravelによるWebアプリケーション開発,https://www.lancers.jp/onsite/job/9677,https://www.lancers.jp/onsite/job/9677,後で決める,求人,募集中,,,IT・通信・インターネット,/system/development,2025-12-17T10:28:30Z
20251217T102830Z,134,5,17,【継続依頼・週2〜】Webサイト・ECサイトの制作・運営,https://www.lancers.jp/onsite/job/9678,https://www.lancers.jp/onsite/job/9678,¥ 10万 〜 20万,求人,募集中,,,IT・通信・インターネット,/system/development,2025-12-17T10:28:30Z
20251217T102830Z,135,5,18,【周5】テレワークでCocos2dエンジニア募集,https://www.lancers.jp/onsite/job/9736,https://www.lancers.jp/onsite/job/9736,後で決める,求人,募集中,,,IT・通信・インターネット,/system/development,2025-12-17T10:28:30Z
20251217T102830Z,136,5,19,【週３以上～/都内】某省庁POC開発案件フロント・バックエンド・インフラエンジニア,https://www.lancers.jp/onsite/job/9740,https://www.lancers.jp/onsite/job/9740,¥ 60万 〜 70万,求人,募集中,,,IT・通信・インターネット,/system/development,2025-12-17T10:28:30Z
20251217T102830Z,137,5,20,【週5日】言語問わず開発経験者募集/大手ガス会社次期システムテスト業務（新宿）,https://www.lancers.jp/onsite/job/1841,https://www.lancers.jp/onsite/job/1841,¥ 50万 〜 60万,求人,募集中,,,,/system/development,2025-12-17T10:28:30Z
20251217T102830Z,138,5,21,【週5日】ABAP開発l/製造業向けSAP追加増員（秋葉原　または錦糸町）,https://www.lancers.jp/onsite/job/1842,https://www.lancers.jp/onsite/job/1842,¥ 70万 〜 80万,求人,募集中,,,,/system/development,2025-12-17T10:28:30Z
20251217T102830Z,139,5,22,【週5日】PL/SQL、shell/営業支援システム/DB周り改修～DWH構築まで複数募集（赤坂）,https://www.lancers.jp/onsite/job/1843,https://www.lancers.jp/onsite/job/1843,¥ 60万 〜 70万,求人,募集中,,,,/system/development,2025-12-17T10:28:30Z
20251217T102830Z,140,5,23,【週5日】C#.net、SQLServer / 企業会計システムの機能追加 ＜浜松町＞,https://www.lancers.jp/onsite/job/1844,https://www.lancers.jp/onsite/job/1844,¥ 50万 〜 60万,求人,募集中,,,,/system/development,2025-12-17T10:28:30Z
20251217T102830Z,141,5,24,【つくば市内　大学IT業務案件】,https://www.lancers.jp/onsite/job/1846,https://www.lancers.jp/onsite/job/1846,¥ 30万 〜 40万,求人,募集中,,,,/system/development,2025-12-17T10:28:30Z
20251217T102830Z,142,5,25,【東京都・女子大学ヘルプデスク業務】,https://www.lancers.jp/onsite/job/1847,https://www.lancers.jp/onsite/job/1847,¥ 20万 〜 30万,求人,募集中,,,,/system/development,2025-12-17T10:28:30Z
20251217T102830Z,143,5,26,【東京都日野市】週５日C#/C++のエンジニア募集,https://www.lancers.jp/onsite/job/1852,https://www.lancers.jp/onsite/job/1852,¥ 60万 〜 70万,求人,募集中,,,,/system/development,2025-12-17T10:28:30Z
20251217T102830Z,144,5,27,【求人WEBサービス案件：週5リモート勤務@六本木(月に数回出社あり)】,https://www.lancers.jp/onsite/job/7927,https://www.lancers.jp/onsite/job/7927,¥ 60万 〜 70万,求人,募集中,,,IT・通信・インターネット,/system/development,2025-12-17T10:28:30Z
20251217T102830Z,145,5,28,画像認識を使ったオフライン広告配信システム開発,https://www.lancers.jp/onsite/job/7929,https://www.lancers.jp/onsite/job/7929,¥ 40万 〜 50万,求人,募集中,,,IT・通信・インターネット,/system/development,2025-12-17T10:28:30Z
20251217T102830Z,146,5,29,【リモート】EC一括出品ツールの開発&レベルアップ（PHP Laravel 経験者3年以上の方優遇）,https://www.lancers.jp/onsite/job/8361,https://www.lancers.jp/onsite/job/8361,¥ 30万 〜 40万,求人,募集中,,,IT・通信・インターネット,/system/development,2025-12-17T10:28:30Z
20251217T102830Z,147,5,30,【週5勤務(基本リモート)システムリプレース業務@PHPエンジニア急募】,https://www.lancers.jp/onsite/job/8371,https://www.lancers.jp/onsite/job/8371,¥ 50万 〜 60万,求人,募集中,,,IT・通信・インターネット,/system/development,2025-12-17T10:28:30Z
